CASE_ID,ACCIDENT_YEAR,PROC_DATE,JURIS,COLLISION_DATE,COLLISION_TIME,OFFICER_ID,REPORTING_DISTRICT,DAY_OF_WEEK,CHP_SHIFT,POPULATION,CNTY_CITY_LOC,SPECIAL_COND,BEAT_TYPE,CHP_BEAT_TYPE,CITY_DIVISION_LAPD,CHP_BEAT_CLASS,BEAT_NUMBER,PRIMARY_RD,SECONDARY_RD,DISTANCE,DIRECTION,INTERSECTION,WEATHER_1,WEATHER_2,STATE_HWY_IND,CALTRANS_COUNTY,CALTRANS_DISTRICT,STATE_ROUTE,ROUTE_SUFFIX,POSTMILE_PREFIX,POSTMILE,LOCATION_TYPE,RAMP_INTERSECTION,SIDE_OF_HWY,TOW_AWAY,COLLISION_SEVERITY,NUMBER_KILLED,NUMBER_INJURED,PARTY_COUNT,PRIMARY_COLL_FACTOR,PCF_CODE_OF_VIOL,PCF_VIOL_CATEGORY,PCF_VIOLATION,PCF_VIOL_SUBSECTION,HIT_AND_RUN,TYPE_OF_COLLISION,MVIW,PED_ACTION,ROAD_SURFACE,ROAD_COND_1,ROAD_COND_2,LIGHTING,CONTROL_DEVICE,CHP_ROAD_TYPE,PEDESTRIAN_ACCIDENT,BICYCLE_ACCIDENT,MOTORCYCLE_ACCIDENT,TRUCK_ACCIDENT,NOT_PRIVATE_PROPERTY,ALCOHOL_INVOLVED,STWD_VEHTYPE_AT_FAULT,CHP_VEHTYPE_AT_FAULT,COUNT_SEVERE_INJ,COUNT_VISIBLE_INJ,COUNT_COMPLAINT_PAIN,COUNT_PED_KILLED,COUNT_PED_INJURED,COUNT_BICYCLIST_KILLED,COUNT_BICYCLIST_INJURED,COUNT_MC_KILLED,COUNT_MC_INJURED,PRIMARY_RAMP,SECONDARY_RAMP,LATITUDE,LONGITUDE,COUNTY,CITY,POINT_X,POINT_Y
90529017,2017,2017-08-23,9170,2017-08-11,0736,021683,,5,1,9,2500,0,1,3,,1,004,"SR-299 E/B","COUNTY ROAD 195 (SKI TOW ROAD)",4752.00,E,N,A,-,Y,,,299,,,,,,E,Y,2,0,8,1,A,-,08,22107,,N,F,A,A,A,H,-,A,D,0,,,,Y,Y,,F,26,1,7,0,0,0,0,0,0,0,"- ","- ",41.532800000000002,-120.20486,MODOC,UNINCORPORATED,-120.20488087,41.53274322
91219870,2020,2020-04-02,9170,2020-03-17,1700,020570,,2,2,9,2500,0,1,3,,2,006,"STATE ROUTE 139","LOVENESS RD",3696.00,S,N,D,-,Y,,,139,,,,,,,Y,1,1,0,2,A,-,03,22350,,N,D,C,A,C,E,-,A,D,0,,,,Y,Y,,A,01,0,0,0,0,0,0,0,0,0,"- ","- ",41.493598937988281,-120.96829986572266,MODOC,UNINCORPORATED,-120.96836090087891,41.493606567382812
91963838,2023,2023-01-09,9145,2023-01-03,"826 ",018254,,2,1,9,2500,0,1,3,,1,090,SR-139,"LOOKOUT ROAD",9504.00,N,N,B,-,Y,MOD,,139," "," ",19.147,H,,R,Y,2,0,1,1,A,-,03,22350,,N,E,I,A,C,H,-,A,D,0,,,,,Y,,D,22,1,0,0,0,0,0,0,0,0,"- ","- ",41.561809539794922,-121.17169952392578,MODOC,UNINCORPORATED,-121.171630859375,41.561847686767578
92377462,2024,2024-04-29,9170,2024-03-27,1225,019786,,3,1,9,2500,0,3,5,,1,023,"COUNTY ROAD 1","COUNTY ROAD 31",3168.00,S,N,G,-,N,,,,,,,,,,Y,1,1,1,1,A,-,08,22107,,N,E,I,A,A,H,-,A,D,0,,,,,Y,,D,22,1,0,0,0,0,0,0,0,0,"- ","- ",41.414241790771484,-120.12892150878906,MODOC,UNINCORPORATED,-120.1295166015625,41.415756225585938
92276649,2023,2024-01-02,9170,2023-12-26,1725,021727,,2,2,9,2500,0,3,5,,1,023,"COUNTY ROAD 1","COUNTY ROAD 225",3168.00,S,N,B,-,N,,,,,,,,,,Y,2,0,1,1,A,-,01,23152,A,N,E,8,A,A,H,-,D,D,0,,,,,Y,Y,-,"- ",1,0,0,0,0,0,0,0,0,"- ","- ",41.763439178466797,-120.18473815917969,MODOC,UNINCORPORATED,-120.189453125,41.75457763671875
6921532,2015,2015-06-01,9170,2015-05-01,1952,020152,,5,2,9,2500,0,3,5,,2,024,"COUNTY ROAD 236","PENCIL RD",0.00,,Y,A,-,N,,,,,,,,,,N,2,0,1,1,A,-,01,23152,A,N,E,I,A,A,H,-,A,D,0,,,Y,,Y,Y,C,02,1,0,0,0,0,0,0,0,1,"- ","- ",,,MODOC,UNINCORPORATED,,
91866908,2022,2022-09-16,9170,2022-09-08,1420,019274,,4,2,9,2500,0,1,2,,1,003,"RT 395","COUNTY ROAD 47E",20170.00,S,N,A,-,Y,MOD,,395,,,50.104,H,,R,Y,2,0,1,1,A,-,03,22350,,N,E,I,A,A,H,-,A,D,0,,,,,Y,,-,"- ",1,0,0,0,0,0,0,0,0,"- ","- ",41.834629058837891,-120.35769653320312,MODOC,UNINCORPORATED,-120.35765838623047,41.834644317626953
90874645,2018,2019-05-13,9170,2018-11-25,0001,021139,,7,3,9,2500,0,3,5,,2,025,"COUNTY ROAD 91","COUNTY ROAD 91A",756.00,N,N,A,-,N,,,,,,,,,,Y,2,0,1,1,A,-,01,23152,A,N,E,I,A,A,H,-,D,D,0,,,,,Y,Y,A,01,1,0,0,0,0,0,0,0,0,"- ","- ",41.20941162109375,-121.14566040039062,MODOC,UNINCORPORATED,-121.14824676513672,41.213699340820312
6635877,2014,2015-12-21,9170,2014-09-23,2000,015617,,2,2,9,2500,0,3,5,,2,025,"RT 299","COUNTY RD 175",6600.00,E,N,A,-,N,,,,,,,,,,Y,2,0,1,1,A,-,01,23152,A,N,E,I,A,A,H,-,D,D,0,,,,,Y,Y,D,22,1,0,0,0,0,0,0,0,0,"- ","- ",,,MODOC,UNINCORPORATED,,
91715466,2021,2022-03-04,9145,2021-09-15,1930,018254,,3,2,9,2500,0,1,3,,1,081,SR-139,"COUNTY ROAD 112",528.00,S,N,A,-,Y,,,139,,,,,,,Y,1,1,2,3,A,-,08,22107,,N,A,2,A,A,H,-,D,D,0,,,,Y,Y,,A,08,0,1,1,0,0,0,0,0,0,"- ","- ",41.899269104003906,-121.39723205566406,MODOC,UNINCORPORATED,-121.39727020263672,41.899219512939453
91208091,2020,2020-03-13,9170,2020-03-07,1410,021139,,6,2,9,2500,0,1,3,,2,006,SR-139,"LOVENESS RD",9504.00,N,N,C,-,Y,,,139,,,,,,,Y,2,0,2,1,A,-,08,22107,,N,F,A,A,B,H,-,A,D,0,,,,,Y,,A,01,1,1,0,0,0,0,0,0,0,"- ","- ",41.506370544433594,-121.01439666748047,MODOC,UNINCORPORATED,-121.01438903808594,41.50640869140625
91529528,2021,2021-07-27,9170,2021-07-22,1315,017913,,4,1,9,2500,0,1,3,,1,005,SR-299,"COUNTY ROAD 68S",132.00,W,N,A,-,Y,,,299,,,,,,,Y,2,0,2,2,A,-,03,22350,,N,C,C,A,A,H,-,A,D,0,,,,Y,Y,,E,22,1,1,0,0,0,0,0,0,0,"- ","- ",41.465599060058594,-120.75547027587891,MODOC,UNINCORPORATED,-120.75547027587891,41.465614318847656
90233418,2016,2016-07-29,9170,2016-07-16,0010,021104,,6,3,9,2500,0,3,5,,1,023,"COUNTY ROAD 1","COUNTY ROAD 14",2112.00,N,N,A,-,N,,,,,,,,,,Y,2,0,1,1,A,-,03,22350,,F,E,I,A,A,H,-,D,D,0,,,,,Y,,D,22,1,0,0,0,0,0,0,0,0,"- ","- ",41.387230000000002,-120.10908000000001,MODOC,UNINCORPORATED,-120.18164,41.644554319999997
91295550,2020,2020-08-28,9170,2020-08-22,1515,020570,,6,2,9,2500,0,1,2,,1,003,"RT 395","COUNTY ROAD 133B",461.00,S,N,A,-,Y,,,395,,,,,,,Y,2,0,1,1,A,-,01,23152,A,N,E,I,A,A,H,-,A,D,0,,,,,Y,Y,A,01,1,0,0,0,0,0,0,0,0,"- ","- ",41.747200012207031,-120.37550354003906,MODOC,UNINCORPORATED,-120.37564849853516,41.747207641601562
90271256,2016,2016-09-20,9145,2016-09-11,1625,018254,,7,2,9,2500,0,3,5,,2,008,"COUNTY ROAD 101",SR-139,1056.00,E,N,A,-,N,,,,,,,,,,N,2,0,5,2,A,-,09,21804,A,N,D,C,A,A,H,-,A,D,0,,,,,Y,,D,22,2,0,3,0,0,0,0,0,0,"- ","- ",41.921959999999999,-121.41280999999999,MODOC,UNINCORPORATED,-121.43089931999999,41.921947029999998
92062290,2023,2023-05-05,9170,2023-04-27,1800,021727,,4,2,9,2500,0,3,5,,2,025,"FOREST SERVICE ROAD 39N19","COUNTY ROAD 64",7920.00,S,N,A,-,N,,,,,,,,,,N,2,0,1,1,A,-,03,38305,,N,E,J,A,A,A,-,A,D,0,,,Y,,Y,,C,06,1,0,0,0,0,0,0,0,1,"- ","- ",41.2127685546875,-120.38967895507812,MODOC,UNINCORPORATED,,
90581573,2017,2017-10-27,9170,2017-10-17,1310,021683,,2,1,9,2500,0,1,2,,1,003,"UNITED STATES HIGHWAY 395","COUNTY ROAD 133C",10560.00,N,N,A,-,Y,,,,,,,,,,Y,2,0,2,1,A,-,01,23152,A,N,F,A,A,A,H,-,A,D,0,,,,,Y,Y,A,01,2,0,0,0,0,0,0,0,0,"- ","- ",41.845030000000001,-120.35185,MODOC,UNINCORPORATED,-120.353161,41.815879129999999
94395003,2024,2024-09-16,9170,2024-07-22,1910,021064,,1,2,9,2500,0,1,3,,1,004,SR-299,"COUNTY ROAD 195",6864.00,E,N,A,-,Y,MOD,,299," "," ",53.819,H,,R,Y,1,1,0,2,A,-,03,22350,,N,C,G,A,A,H,-,A,D,0,,Y,,,Y,,D,22,0,0,0,0,0,1,0,0,0,"- ","- ",41.540790557861328,-120.23455810546875,MODOC,UNINCORPORATED,-120.23456573486328,41.540786743164062
91621759,2021,2021-11-10,9170,2021-10-30,2200,021139,,6,3,9,2500,0,2,S,,2,904,"39301 SR-299",SR-299,400.00,N,N,A,-,N,,,,,,,,,,N,2,0,2,2,B,-,22,,,N,A,C,A,A,H,-,D,D,0,,,Y,,Y,,-,"- ",2,0,0,0,0,0,0,0,2,"- ","- ",41.495769500732422,-120.56906890869141,MODOC,UNINCORPORATED,,
90678299,2018,2018-03-08,9170,2018-03-04,0650,016057,,7,1,9,2500,0,3,5,,2,025,"COUNTY ROAD 68",SR-299,0.00,,Y,B,-,Y,,,,,,,,,,Y,2,0,2,2,A,-,09,21802,A,N,D,C,A,A,H,-,A,A,0,,,,,Y,,D,22,1,0,1,0,0,0,0,0,0,"- ","- ",41.46575927734375,-120.75495147705078,MODOC,UNINCORPORATED,-120.75495910644531,41.46575927734375
94368660,2024,2024-08-26,9145,2024-08-16,"234 ",022314,,5,3,9,2500,0,3,5,,2,009,SR-139,"FOREST ROUTE 44N02",15.00,S,N,A,-,Y,MOD,,139," "," ",18.091,H,,R,Y,2,0,1,1,A,-,08,22107,,N,E,8,A,A,H,-,D,D,0,,,,,Y,,A,01,1,0,0,0,0,0,0,0,0,"- ","- ",41.549430847167969,-121.15979766845703,MODOC,UNINCORPORATED,-121.15985870361328,41.549404144287109
91089077,2019,2019-11-06,9170,2019-09-10,1544,020503,,2,2,9,2500,0,1,3,,2,006,"STATE ROUTE 139 (SR-139)","LOVENESS ROAD",14256.00,N,N,A,-,Y,,,139,,,,,,,Y,1,1,0,1,A,-,08,22107,,N,E,I,A,A,H,-,A,D,0,,,,,Y,,D,22,0,0,0,0,0,0,0,0,0,"- ","- ",41.509250640869141,-121.02860260009766,MODOC,UNINCORPORATED,-121.02861022949219,41.509212493896484
94761106,2025,2025-07-14,9170,2025-05-24,1405,024334,,6,2,9,2500,0,1,3,,1,005,"STATE ROUTE 299 (SR-299)","COUNTY ROAD 73 (CROWDER FLAT ROAD)",1584.00,W,N,A,-,Y,MOD,,299," "," ",36.771,H,,R,Y,1,1,1,1,A,-,08,22107,,N,E,8,A,A,H,-,A,D,0,,,,,Y,,D,22,0,1,0,0,0,0,0,0,0,"- ","- ",41.494190216064453,-120.61499786376953,MODOC,UNINCORPORATED,-120.61498260498047,41.494167327880859
91276614,2020,2020-07-29,9170,2020-07-18,0055,021139,,6,3,9,2500,0,3,5,,2,024,"COUNTY ROAD 55 (PENCIL ROAD)","BOBCAT LANE",3168.00,S,N,A,-,N,,,,,,,,,,Y,2,0,1,1,A,-,01,23152,A,N,E,I,A,A,H,-,D,D,0,,,Y,,Y,Y,C,02,1,0,0,0,0,0,0,0,1,"- ","- ",41.521659851074219,-120.52075958251953,MODOC,UNINCORPORATED,,
91219671,2020,2020-04-01,9170,2020-03-20,2010,021727,,5,2,9,2500,0,3,5,,2,025,"COUNTY ROAD 115","COUNTY ROAD 56",10560.00,S,N,A,-,N,,,,,,,,,,Y,2,0,1,1,A,-,01,23152,A,N,E,I,A,A,H,-,B,D,0,,,,,Y,Y,D,22,1,0,0,0,0,0,0,0,0,"- ","- ",41.450290679931641,-120.52577209472656,MODOC,UNINCORPORATED,-120.52597808837891,41.451866149902344
92421620,2024,2024-06-24,9170,2024-06-14,1950,020724,,5,2,9,2500,0,1,3,,1,004,SR-299,"MCKENNEY DR",10560.00,E,N,A,-,Y,MOD,,299," "," ",51.406,H,,R,Y,2,0,1,1,A,-,01,23152,A,N,E,8,A,A,H,-,A,D,0,,,,,Y,Y,A,07,1,0,0,0,0,0,0,0,0,"- ","- ",41.560588836669922,-120.26808166503906,MODOC,UNINCORPORATED,-120.26815795898438,41.560562133789062
90336513,2016,2016-12-05,9170,2016-11-22,0845,020152,,2,1,9,2500,0,1,2,,1,002,US-395,"GLENN STREET",1056.00,S,N,A,-,Y,,,395,,,,,,,Y,2,0,3,2,A,-,03,22350,,N,A,C,A,C,H,-,A,D,0,,,,,Y,,A,01,1,0,2,0,0,0,0,0,0,"- ","- ",41.476900000000001,-120.54308,MODOC,UNINCORPORATED,-120.54313482000001,41.476922420000001
92093402,2023,2023-06-14,9170,2023-06-07,1130,017913,,3,1,9,2500,0,1,2,,1,002,US-395,"COUNTY ROAD189N",1056.00,S,N,A,-,Y,MOD,,395," "," ",6.718,H,,R,Y,2,0,3,2,A,-,01,23152,A,N,A,C,A,A,H,-,A,D,0,,,,,Y,Y,D,22,1,2,0,0,0,0,0,0,0,"- ","- ",41.279838562011719,-120.50312042236328,MODOC,UNINCORPORATED,-120.503173828125,41.279842376708984
90981993,2019,2019-05-06,9170,2019-04-27,0930,021139,,6,1,9,2500,0,1,3,,1,005,"STATE ROUTE 299","COUNTY ROAD 69",2640.00,W,N,A,-,Y,,,299,,,,,,,Y,2,0,1,2,A,-,03,22350,,N,C,C,A,A,H,-,A,D,0,,,Y,Y,Y,,C,02,1,0,0,0,0,0,0,0,1,"- ","- ",41.453300476074219,-120.80850219726562,MODOC,UNINCORPORATED,-120.80850219726562,41.453269958496094
92440830,2024,2024-07-16,9170,2024-07-06,2335,021727,,6,3,9,2500,0,3,5,,2,025,"COUNTY ROAD 66","MOD MPM 5.5",1584.00,N,N,A,-,N,,,,,,,,,,N,2,0,1,1,A,-,01,23152,A,M,E,I,A,A,H,-,D,D,0,,,Y,,Y,Y,C,06,1,0,0,0,0,0,0,0,1,"- ","- ",41.191860198974609,-120.40194702148438,MODOC,UNINCORPORATED,,
92279349,2023,2024-01-04,9170,2023-12-10,1310,016057,,7,1,9,2500,0,1,3,,2,006,"STATE ROUTE 139","USFS ROUTE 42N60 (LOVENESS ROAD)",4752.00,S,N,B,-,Y,MOD,,139," ",R,6.454,H,,R,Y,1,1,0,1,A,-,08,22107,,N,E,8,A,A,H,-,A,D,0,,,,,Y,,A,07,0,0,0,0,0,0,0,0,0,"- ","- ",41.492298126220703,-120.96868896484375,MODOC,UNINCORPORATED,-120.96863555908203,41.492290496826172
92402586,2024,2024-05-30,9170,2024-05-24,1740,021727,,5,2,9,2500,0,3,5,,2,025,"COUNTY ROAD 66","66 MOD 5.00",62.00,S,N,A,-,N,,,,,,,,,,N,2,0,1,2,D,-,00,,,N,A,C,A,A,E,-,A,D,0,,,Y,,Y,,-,"- ",1,0,0,0,0,0,0,0,1,"- ","- ",41.192951202392578,-120.40514373779297,MODOC,UNINCORPORATED,,
91058025,2019,2019-08-23,9170,2019-08-16,1920,021104,,5,2,9,2500,0,3,5,,2,024,"COUNTY ROAD 93","COUNTY ROAD 93A",7392.00,S,N,A,-,N,,,,,,,,,,Y,2,0,1,1,A,-,08,22107,,N,F,A,A,A,H,-,A,A,0,,,Y,,Y,,C,06,1,0,0,0,0,0,0,0,1,"- ","- ",41.189109802246094,-121.16229248046875,MODOC,UNINCORPORATED,-121.21369934082031,41.243068695068359
6612197,2014,2014-09-17,9170,2014-08-21,2051,019683,,4,2,9,2500,0,3,5,,2,024,"SHASTA VIEW DR","WILLOW VIEW DR",192.00,E,N,A,-,N,,,,,,,,,,Y,2,0,1,1,A,-,01,23152,A,N,E,I,A,A,H,-,D,D,0,,,,,Y,Y,A,01,1,0,0,0,0,0,0,0,0,"- ","- ",41.409990000000001,-120.68621,MODOC,UNINCORPORATED,-120.68565012000001,41.409979999999997
91161980,2019,2020-01-08,9170,2019-12-29,0805,019786,,7,1,9,2500,0,1,3,,1,005,SR-299,"COUNTY ROAD 87",4224.00,E,N,B,-,Y,,,299,,,,,,,Y,2,0,3,1,A,-,08,22107,,N,E,I,A,A,H,-,A,D,0,,,,,Y,,A,01,1,2,0,0,0,0,0,0,0,"- ","- ",41.207859039306641,-120.93627166748047,MODOC,UNINCORPORATED,-120.936279296875,41.207862854003906
92074152,2023,2023-05-22,9170,2023-05-14,"240 ",021727,,7,3,9,2500,0,3,5,,2,025,"COUNTY ROAD 54","COUNTY ROAD 70",2325.00,E,N,A,-,N,,,,,,,,,,Y,2,0,1,1,A,-,08,22107,,N,E,8,A,A,H,-,D,D,0,,,,,Y,,D,22,1,0,0,0,0,0,0,0,0,"- ","- ",41.421588897705078,-120.72682952880859,MODOC,UNINCORPORATED,-120.72719573974609,41.421531677246094
90414881,2016,2017-03-20,9170,2016-10-30,2500,020152,,7,4,9,2500,0,3,5,,1,023,"COUNTY ROAD 1","CO. RD. 9",8448.00,N,N,B,-,N,,,,,,,,,,N,2,0,1,2,A,-,01,23152,A,F,G,B,E,A,H,-,D,D,0,Y,,,,Y,Y,A,01,1,0,0,0,1,0,0,0,0,"- ","- ",41.813290000000002,-120.1741,MODOC,UNINCORPORATED,-120.17404815,41.813709099999997
6589047,2014,2014-09-09,9145,2014-08-07,1030,018210,,4,1,9,2500,0,3,5,,2,009,"HOLLYWOOD ST","MEANDER DR",7.00,E,N,A,-,N,,,,,,,,,,N,2,0,1,1,C,-,18,,,N,H,A,A,A,H,-,A,D,0,,,,,Y,,-,"- ",1,0,0,0,0,0,0,0,0,"- ","- ",41.881300000000003,-121.36698,MODOC,UNINCORPORATED,-121.36682351,41.88122474
91435468,2021,2021-03-25,9170,2021-03-22,2120,019786,,1,2,9,2500,0,3,5,,2,024,"BIG SAGE ROAD","COUNTY ROAD 73 (CROWDER FLAT ROAD)",0.00,,N,D,-,N,,,,,,,,,,Y,2,0,2,1,A,-,01,23152,A,N,E,I,A,C,H,-,D,D,0,,,,,Y,Y,A,07,1,1,0,0,0,0,0,0,0,"- ","- ",41.553699493408203,-120.68180084228516,MODOC,UNINCORPORATED,-120.69892883300781,41.582447052001953
92315177,2024,2024-02-15,9170,2024-02-10,1500,018478,,6,2,9,2500,0,1,3,,1,004,SR-299,"MCKENNEY DR",8976.00,E,N,A,-,Y,MOD,,299," "," ",51.100,H,,R,Y,2,0,1,1,A,-,08,22107,,N,F,A,A,A,B,-,A,D,0,,,Y,,Y,,C,02,1,0,0,0,0,0,0,0,1,"- ","- ",41.562538146972656,-120.27255249023438,MODOC,UNINCORPORATED,-120.27256774902344,41.562580108642578