CASE_ID,ACCIDENT_YEAR,PROC_DATE,JURIS,COLLISION_DATE,COLLISION_TIME,OFFICER_ID,REPORTING_DISTRICT,DAY_OF_WEEK,CHP_SHIFT,POPULATION,CNTY_CITY_LOC,SPECIAL_COND,BEAT_TYPE,CHP_BEAT_TYPE,CITY_DIVISION_LAPD,CHP_BEAT_CLASS,BEAT_NUMBER,PRIMARY_RD,SECONDARY_RD,DISTANCE,DIRECTION,INTERSECTION,WEATHER_1,WEATHER_2,STATE_HWY_IND,CALTRANS_COUNTY,CALTRANS_DISTRICT,STATE_ROUTE,ROUTE_SUFFIX,POSTMILE_PREFIX,POSTMILE,LOCATION_TYPE,RAMP_INTERSECTION,SIDE_OF_HWY,TOW_AWAY,COLLISION_SEVERITY,NUMBER_KILLED,NUMBER_INJURED,PARTY_COUNT,PRIMARY_COLL_FACTOR,PCF_CODE_OF_VIOL,PCF_VIOL_CATEGORY,PCF_VIOLATION,PCF_VIOL_SUBSECTION,HIT_AND_RUN,TYPE_OF_COLLISION,MVIW,PED_ACTION,ROAD_SURFACE,ROAD_COND_1,ROAD_COND_2,LIGHTING,CONTROL_DEVICE,CHP_ROAD_TYPE,PEDESTRIAN_ACCIDENT,BICYCLE_ACCIDENT,MOTORCYCLE_ACCIDENT,TRUCK_ACCIDENT,NOT_PRIVATE_PROPERTY,ALCOHOL_INVOLVED,STWD_VEHTYPE_AT_FAULT,CHP_VEHTYPE_AT_FAULT,COUNT_SEVERE_INJ,COUNT_VISIBLE_INJ,COUNT_COMPLAINT_PAIN,COUNT_PED_KILLED,COUNT_PED_INJURED,COUNT_BICYCLIST_KILLED,COUNT_BICYCLIST_INJURED,COUNT_MC_KILLED,COUNT_MC_INJURED,PRIMARY_RAMP,SECONDARY_RAMP,LATITUDE,LONGITUDE,COUNTY,CITY,POINT_X,POINT_Y
90719512,2018,2018-05-03,9170,2018-04-27,0610,019033,,5,1,9,2500,0,1,3,,1,004,SR-299,"PATTERSON ST",1267.00,W,N,A,-,Y,,,299,,,,,,,Y,2,0,1,1,A,-,08,22107,,N,E,I,A,A,H,-,A,D,0,,,,,Y,,A,07,1,0,0,0,0,0,0,0,0,"- ","- ",41.529899597167969,-120.18599700927734,MODOC,UNINCORPORATED,-120.18600463867188,41.529693603515625
91243126,2020,2020-07-01,9170,2020-05-06,0955,016057,,3,1,9,2500,0,1,3,,1,005,"STATE ROUTE 299","COUNTY ROAD 257",648.00,W,N,B,-,Y,,,299,,,,,,,Y,1,1,3,2,A,-,05,21650,,N,A,C,A,A,H,-,A,D,0,,,,,Y,,A,01,2,1,0,0,0,0,0,0,0,"- ","- ",41.497478485107422,-120.60415649414062,MODOC,UNINCORPORATED,-120.60417175292969,41.497509002685547
92287061,2024,2024-01-15,9170,2024-01-06,1415,018478,,6,2,9,2500,0,3,5,,2,025,"COUNTY ROAD 91","LOVENESS LOGGING ROAD",528.00,S,N,B,-,N,,,,,,,,,,Y,2,0,3,2,D,-,00,,,N,A,C,A,C,H,-,A,D,0,,,,,Y,,-,"- ",2,1,0,0,0,0,0,0,0,"- ","- ",41.463020324707031,-121.16204071044922,MODOC,UNINCORPORATED,-121.16202545166016,41.463153839111328
6291636,2014,2014-11-25,9145,2014-08-25,1239,18124,,1,1,9,2500,0,1,3,,1,090,"RT 139","COUNTY ROAD 123",1056.00,N,N,A,-,Y,MOD,2,139,-,-,41.560,H,-,N,Y,1,1,0,2,A,-,08,22107,,N,D,C,A,A,H,-,A,D,0,,,,,Y,Y,A,01,0,0,0,0,0,0,0,0,0,"- ","- ",41.854790000000001,-121.32504,MODOC,UNINCORPORATED,-121.32507805,41.854845650000001
91258956,2020,2020-06-26,9145,2020-06-16,1015,014441,,2,1,9,2500,0,3,5,,2,009,"CO. RD. 97","CO. RD. 97A",9504.00,W,N,B,-,N,,,,,,,,,,Y,2,0,1,2,A,-,12,22451,A,N,D,F,A,A,H,-,A,A,0,,,,,Y,,A,07,1,0,0,0,0,0,0,0,0,"- ","- ",41.645961761474609,-121.32671356201172,MODOC,UNINCORPORATED,-121.44953918457031,41.572669982910156
91273660,2020,2020-07-23,9170,2020-07-15,1640,020570,,3,2,9,2500,0,1,3,,1,005,SR-299,"COUNTY ROAD 84",10560.00,W,N,A,-,Y,,,299,,,,,,,Y,2,0,2,1,A,-,08,22107,,N,E,I,A,A,H,-,A,D,0,,,,,Y,,A,08,2,0,0,0,0,0,0,0,0,"- ","- ",41.380298614501953,-120.95069885253906,MODOC,UNINCORPORATED,-120.95067596435547,41.380306243896484
92229395,2023,2023-11-06,9170,2023-10-28,2245,021104,,6,3,9,2500,0,3,5,,2,024,"COUNTY ROAD 55 (PENCIL ROAD)","PRIVATE ROAD (MRE ROAD 8308) (E. MOUNTAIN QUAIL RO",173.00,S,N,A,-,N,,,,,,,,,,Y,2,0,1,1,A,-,01,23152,G,N,F,0,A,A,H,-,D,A,0,,,Y,,Y,Y,C,02,1,0,0,0,0,0,0,0,1,"- ","- ",41.547138214111328,-120.53484344482422,MODOC,UNINCORPORATED,,
92393001,2024,2024-05-17,9170,2024-05-13,"13  ",021064,,1,3,9,2500,0,1,3,,1,004,SR-299,"MCKENNEY DR",10032.00,E,N,A,-,Y,MOD,,299," "," ",51.171,H,,R,Y,2,0,1,1,A,-,08,22107,,N,E,I,A,A,H,-,D,D,0,,,,,Y,,D,22,1,0,0,0,0,0,0,0,0,"- ","- ",41.562778472900391,-120.27123260498047,MODOC,UNINCORPORATED,-120.27123260498047,41.562751770019531
91441365,2021,2021-04-01,9170,2021-03-26,1330,021139,,5,1,9,2500,0,1,3,,2,006,SR-139,"COUNTY ROAD 91",3168.00,S,N,A,-,Y,,,139,,,,,,,Y,2,0,1,1,A,-,08,22107,,N,F,A,A,A,H,-,A,D,0,,,Y,,Y,,C,02,1,0,0,0,0,0,0,0,1,"- ","- ",41.533229827880859,-121.14643859863281,MODOC,UNINCORPORATED,-121.14643859863281,41.533229827880859
91896554,2022,2022-10-21,9170,2022-10-19,1915,021104,,3,2,9,2500,0,1,2,,1,003,"US HIGHWAY 395","COUNTY ROAD 250",4752.00,N,N,A,-,Y,,,,,,,,,,Y,2,0,1,2,A,-,03,22350,,N,D,C,A,A,H,-,D,D,0,,,,,Y,,D,22,1,0,0,0,0,0,0,0,0,"- ","- ",41.51953125,-120.45906066894531,MODOC,UNINCORPORATED,,
92340206,2024,2024-03-18,9145,2024-03-10,1425,018254,,7,2,9,2500,0,1,3,,1,090,SR-139,"TICKNER ROAD",528.00,S,N,B,-,Y,MOD,,139," "," ",24.274,H,,R,Y,2,0,1,1,A,-,08,22107,,N,E,I,A,A,H,-,A,D,0,,,,,Y,,A,07,1,0,0,0,0,0,0,0,0,"- ","- ",41.625530242919922,-121.22310638427734,MODOC,UNINCORPORATED,-121.22312927246094,41.625522613525391
94543691,2024,2025-01-21,9170,2024-11-16,"925 ",021104,,6,1,9,2500,0,1,3,,2,006,"STATE ROUTE 139","COUNTY ROAD 91",15312.00,S,N,A,-,Y,MOD,,139," "," ",14.438,H,,R,Y,1,1,2,1,A,-,08,22107,,N,E,9,A,A,H,-,A,D,0,,,,,Y,,A,07,2,0,0,0,0,0,0,0,0,"- ","- ",41.524368286132812,-121.10341644287109,MODOC,UNINCORPORATED,-121.10340881347656,41.524410247802734
90901215,2018,2019-01-09,9145,2018-12-27,1205,018124,,4,1,9,2500,0,1,3,,1,090,SR-139,"COUNTY ROAD 156",391.00,N,N,A,-,Y,,,139,,,,,,,Y,2,0,2,1,A,-,08,22107,,N,E,I,A,A,H,-,A,D,0,,,,,Y,,E,22,2,0,0,0,0,0,0,0,0,"- ","- ",41.907741546630859,-121.41163635253906,MODOC,UNINCORPORATED,-121.41157531738281,41.907882690429688
91269300,2020,2020-07-15,9170,2020-07-07,0320,020152,,2,3,9,2500,0,3,5,,2,025,"COUNTY ROAD 91",SR-139,108.00,N,N,A,-,N,,,,,,,,,,Y,2,0,5,1,A,-,03,22350,,N,E,I,A,A,H,-,D,A,0,,,,,Y,,A,01,4,1,0,0,0,0,0,0,0,"- ","- ",41.540111541748047,-121.15293884277344,MODOC,UNINCORPORATED,-121.15310668945312,41.539928436279297
91032660,2019,2019-07-17,9170,2019-07-04,0901,016673,,4,1,9,2500,0,1,3,,1,005,SR-299,"MODOC COUTY ROAD 85",8448.00,E,N,A,-,Y,,,299,,,,,,,Y,1,1,0,1,A,-,08,22107,,N,E,I,A,A,H,-,A,D,0,,,,,Y,,A,01,0,0,0,0,0,0,0,0,0,"- ","- ",41.37738037109375,-120.95073699951172,MODOC,UNINCORPORATED,-120.95070648193359,41.377353668212891
90069168,2015,2015-12-09,9170,2015-10-12,1655,021043,,1,2,9,2500,0,1,3,,1,005,"STATE ROUTE 299","USFS ROAD 40N29 (RED TAIL RIM TRAIL)",528.00,E,N,A,-,Y,,,299,,,,,,,Y,1,1,0,1,A,-,08,22107,,N,E,I,A,A,H,-,A,D,0,,,,,Y,Y,D,22,0,0,0,0,0,0,0,0,0,"- ","- ",41.307279999999999,-120.89604,MODOC,UNINCORPORATED,-120.89615071,41.30722471
91418341,2021,2021-03-01,9170,2021-02-28,1040,016673,,7,1,9,2500,0,3,5,,2,025,"MODOC COUNTY ROAD 91","FORREST SERVICE 84",14256.00,S,N,A,-,N,,,,,,,,,,Y,2,0,1,1,A,-,08,22107,,N,F,A,A,A,H,-,A,D,0,,,,,Y,,A,07,1,0,0,0,0,0,0,0,0,"- ","- ",41.417598724365234,-121.17449188232422,MODOC,UNINCORPORATED,,
92162465,2023,2023-11-29,9170,2023-08-27,"155 ",021727,,7,3,9,2500,0,3,5,,1,023,"COUNTY ROAD 1",SR-299,528.00,N,N,A,-,N,,,,,,,,,,N,2,0,3,4,A,-,01,23152,A,N,G,1,E,A,H,-,C,D,0,Y,,,,Y,Y,A,07,3,0,0,0,3,0,0,0,0,"- ","- ",41.531620025634766,-120.17201232910156,MODOC,UNINCORPORATED,-120.17189788818359,41.531017303466797
92151793,2023,2023-08-24,9145,2023-08-03,1445,018210,,4,2,9,2500,0,1,3,,1,090,"STATE ROUTE 139","COUNTY ROAD 103",98.00,N,N,A,-,Y,MOD,,139," "," ",50.553,H,,R,Y,2,0,2,2,A,-,08,22107,,N,D,C,A,A,H,-,A,D,0,,,,,Y,,A,01,1,1,0,0,0,0,0,0,0,"- ","- ",41.940521240234375,-121.45556640625,MODOC,UNINCORPORATED,-121.45550537109375,41.940563201904297
90976707,2019,2019-11-01,9170,2019-03-22,0922,016057,,5,1,9,2500,0,3,5,,2,025,"COUNTY ROAD 54","LAS PLUMAS ROAD",1963.00,W,N,B,-,N,,,,,,,,,,Y,1,1,1,2,A,-,05,21650,,N,A,C,A,A,H,-,A,D,0,,,,,Y,,D,22,0,1,0,0,0,0,0,0,0,"- ","- ",41.423290252685547,-120.66645050048828,MODOC,UNINCORPORATED,-120.66640472412109,41.423362731933594
90006155,2015,2015-10-19,9170,2015-07-13,2023,019520,,1,2,9,2500,0,1,2,,1,003,"U.S. HIGHWAY 395","COUNTY ROAD 47",25872.00,S,N,A,-,Y,,,,,,,,,,Y,2,0,1,1,A,-,01,23152,E,N,F,A,A,A,H,-,B,D,0,,,,,Y,,D,22,1,0,0,0,0,0,0,0,0,"- ","- ",41.819600000000001,-120.35129999999999,MODOC,UNINCORPORATED,-120.35101435,41.821090179999999
90724195,2018,2018-05-10,9170,2018-05-07,0001,020503,,1,3,9,2500,0,1,2,,1,002,US-395,"COUNTY ROAD 233",5808.00,S,N,A,-,Y,,,395,,,,,,,Y,2,0,2,1,A,-,01,23152,A,N,E,I,A,A,H,-,D,D,0,,,,,Y,Y,A,01,1,1,0,0,0,0,0,0,0,"- ","- ",41.340190887451172,-120.51229095458984,MODOC,UNINCORPORATED,-120.51219940185547,41.3402099609375
91273025,2020,2020-07-23,9170,2020-07-12,1125,016673,,7,1,9,2500,0,3,5,,2,025,"MODOC COUNTY ROAD 54","COUNTY ROAD 69",4752.00,E,N,A,-,N,,,,,,,,,,Y,2,0,4,1,A,-,08,22107,,N,E,I,A,A,H,-,A,D,0,,,,,Y,,D,22,3,1,0,0,0,0,0,0,0,"- ","- ",41.413131713867188,-120.76425933837891,MODOC,UNINCORPORATED,,
91022414,2019,2019-08-20,9170,2019-06-01,0830,018478,,6,1,9,2500,0,3,5,,2,024,"COUNTY RD 91","MODOC COUNTY FOREST SERVICE RD 84",11088.00,S,N,A,-,N,,,,,,,,,,Y,1,1,0,1,A,-,08,22107,,N,E,I,A,A,H,-,A,D,0,,,,,Y,,D,22,0,0,0,0,0,0,0,0,0,"- ","- ",,,MODOC,UNINCORPORATED,,
91753760,2022,2022-04-21,9170,2022-04-14,2030,021064,,4,2,9,2500,0,1,3,,1,004,SR-299,"MCKENNY DRIVE",422.00,E,N,B,-,Y,MOD,,299,,,50.079,H,,R,Y,2,0,2,1,A,-,03,22350,,N,E,8,A,C,H,-,D,D,0,,,,,Y,,A,07,1,0,1,0,0,0,0,0,0,"- ","- ",41.560550689697266,-120.29180908203125,MODOC,UNINCORPORATED,-120.29180908203125,41.560562133789062
92045399,2022,2023-04-14,9170,2022-08-05,1930,020570,,5,2,9,2500,0,3,5,,2,025,"COUNTY RD 54 (CENTERVILLE ROAD)","COUNTY ROAD 268 (GRANDE ROAD)",0.00,,Y,B,-,N,,,,,,,,,,Y,1,1,0,2,A,-,03,22350,,N,D,C,A,A,H,-,A,D,0,,,Y,,Y,,C,02,0,0,0,0,0,0,0,1,0,"- ","- ",41.424961090087891,-120.64633941650391,MODOC,UNINCORPORATED,-120.64639282226562,41.424964904785156
90370810,2016,2017-01-31,9170,2016-12-11,2110,016057,,7,2,9,2500,0,1,3,,1,004,"STATE ROUTE 299","PATTERSON STREET",12672.00,W,N,B,-,Y,,,299,,,,,,,Y,1,1,0,1,A,-,01,23152,F,N,E,I,A,B,H,-,B,D,0,,,,,Y,Y,A,01,0,0,0,0,0,0,0,0,0,"- ","- ",41.534210000000002,-120.22401000000001,MODOC,UNINCORPORATED,-120.22399768,41.534251339999997
91398504,2021,2021-01-29,9170,2021-01-22,2500,019274,,5,4,9,2500,0,1,3,,1,005,"STATE ROUTE 299","RED TAIL RIM TRAIL ROAD",12144.00,E,N,A,-,Y,,,299,,,,,,,Y,2,0,1,1,A,-,08,22107,,N,E,I,A,A,H,-,D,D,0,,,,,Y,,A,01,1,0,0,0,0,0,0,0,0,"- ","- ",41.340000152587891,-120.90868377685547,MODOC,UNINCORPORATED,-120.90861511230469,41.340030670166016
6852566,2015,2015-03-19,9170,2015-02-27,1549,019683,,5,2,9,2500,0,3,5,,2,024,"COUNTY RD 91","COUNTY RD 85",16896.00,N,N,B,-,N,,,,,,,,,,Y,2,0,2,1,A,-,03,22350,,N,E,I,A,C,H,-,A,D,0,,,,,Y,,A,07,1,1,0,0,0,0,0,0,0,"- ","- ",41.244169999999997,-120.10871,MODOC,UNINCORPORATED,-121.18207667999999,41.405582359999997
90639944,2018,2018-01-16,9170,2018-01-08,2100,021043,,1,2,9,2500,0,3,5,,2,025,"COUNTY ROAD 71","CANYON CREEK ROAD",5808.00,N,N,B,C,N,,,,,,,,,,Y,2,0,1,1,A,-,01,23152,A,N,E,I,A,B,H,-,D,D,0,,,,,Y,Y,A,07,1,0,0,0,0,0,0,0,0,"- ","- ",41.370281219482422,-120.70870971679688,MODOC,UNINCORPORATED,-120.74524688720703,41.2791748046875
91060632,2019,2019-08-27,9145,2019-06-16,1515,018210,,7,2,9,2500,0,1,3,,1,090,SR-139,"COUNTY ROAD 114",25344.00,S,N,A,-,Y,,,139,,,,,,,Y,1,1,1,2,A,-,05,21650,,N,A,C,A,A,H,-,A,D,0,,,,Y,Y,,A,07,0,0,1,0,0,0,0,0,0,"- ","- ",41.77484130859375,-121.30343627929688,MODOC,UNINCORPORATED,-121.30339813232422,41.77484130859375
6682835,2014,2014-12-08,9170,2014-10-14,2235,19520,,2,3,9,2500,0,3,5,,1,023,"COUNTY RD 1","COUNTY ROAD 166",3168.00,S,N,B,-,N,,,,,,,,,,Y,2,0,1,1,A,-,05,21650,,F,E,I,A,A,H,-,D,D,0,,,,,Y,,D,22,1,0,0,0,0,0,0,0,0,"- ","- ",41.350709999999999,-120.12803,MODOC,UNINCORPORATED,-120.12787858,41.359312729999999
90982989,2019,2019-05-06,9170,2019-05-02,1335,021104,,4,1,9,2500,0,1,3,,1,005,"STATE HIGHWAY 299","COUNTY ROAD 85",6864.00,W,N,A,-,Y,,,299,,,,,,,Y,2,0,1,1,A,-,08,22107,,N,E,J,A,A,H,-,A,D,0,,,,,Y,,A,01,1,0,0,0,0,0,0,0,0,"- ","- ",41.349929809570312,-120.92960357666016,MODOC,UNINCORPORATED,-120.92961883544922,41.34991455078125
90503110,2017,2017-07-18,9170,2017-07-08,0500,021104,,6,3,9,2500,0,1,2,,1,003,"US HIGHWAY 395","COUNTY ROAD 133C",528.00,N,N,A,-,Y,,,395,,,,,,,Y,2,0,1,1,C,-,18,,,N,H,H,A,A,H,-,B,D,0,,,Y,,Y,,-,"- ",1,0,0,0,0,0,0,0,1,"- ","- ",41.792270000000002,-120.3685,MODOC,UNINCORPORATED,-120.36855889,41.792293669999999
90275557,2016,2016-09-26,9170,2016-09-19,1310,018478,,1,1,9,2500,0,1,2,,1,001,SR-139,"FOREST SERVICE 44N11",10032.00,S,N,A,-,Y,,,139,,,,,,,Y,2,0,1,1,A,-,08,22107,,N,F,A,A,A,H,-,A,A,0,,,,,Y,,A,07,1,0,0,0,0,0,0,0,0,"- ","- ",41.513919999999999,-121.04984,MODOC,UNINCORPORATED,-121.04985508999999,41.513844349999999
91669029,2021,2022-01-04,9170,2021-12-23,2130,021139,,4,2,9,2500,0,3,5,,1,023,"CO RD 1","COUNTY ROAD 28",1056.00,N,N,C,-,N,,,,,,,,,,Y,2,0,1,1,A,-,01,23152,A,N,E,I,A,B,H,-,D,D,0,,,,,Y,Y,A,01,1,0,0,0,0,0,0,0,0,"- ","- ",41.477199554443359,-120.15409088134766,MODOC,UNINCORPORATED,-120.15156555175781,41.467063903808594
6508460,2014,2015-04-17,9170,2014-05-29,0745,013771,,4,1,9,2500,0,3,5,,2,024,"COUNTY ROAD 83","COUNTY ROAD 161",0.00,,Y,A,-,N,,,,,,,,,,N,1,1,0,2,A,-,"- ",,,N,H,G,A,A,H,-,A,A,0,,Y,,,Y,,-,,0,0,0,0,0,1,0,0,0,"- ","- ",,,MODOC,UNINCORPORATED,-120.87453988999999,41.443509970000001
92142030,2023,2023-08-11,9170,2023-08-04,2045,021962,,5,2,9,2500,0,1,2,,1,002,US395,"COUNTY ROAD 115",4670.00,S,N,C,G,Y,MOD,,395," "," ",14.076,H,,R,Y,2,0,1,1,C,-,18,,,N,H,7,A,D,H,-,E,D,0,,,Y,,Y,,-,"- ",1,0,0,0,0,0,0,0,1,"- ","- ",41.380588531494141,-120.54176330566406,MODOC,UNINCORPORATED,-120.54177093505859,41.380588531494141
90024566,2015,2015-10-19,9170,2015-09-24,1553,021043,,4,2,9,2500,0,1,2,,1,003,"RT 395","COUNTY ROAD 118",3168.00,S,N,A,-,Y,,,395,,,,,,,Y,2,0,1,1,A,-,08,22107,,N,F,A,A,A,H,-,A,D,0,,,Y,,Y,,C,02,1,0,0,0,0,0,0,0,1,"- ","- ",41.609520000000003,-120.4181,MODOC,UNINCORPORATED,-120.41805217,41.609538309999998
6975561,2015,2015-07-09,9145,2015-06-19,2345,018210,,5,3,9,2500,0,3,5,,2,009,"COUNTY ROAD 108","COUNTY ROAD 114",35904.00,E,N,A,-,N,,,,,,,,,,Y,2,0,2,1,A,-,08,22107,,N,F,A,A,A,G,-,D,D,0,,,,,Y,Y,A,07,1,1,0,0,0,0,0,0,0,"- ","- ",41.949449999999999,-121.25621,MODOC,UNINCORPORATED,-121.25512999999999,41.950369999999999
91151500,2019,2019-12-24,9170,2019-12-01,1720,020152,,7,2,9,2500,0,3,5,,2,024,"COUNTY ROAD 91","COUNTY ROAD 85",5808.00,N,N,B,C,N,,,,,,,,,,Y,1,1,3,1,C,-,18,,,N,F,A,A,C,G,-,D,D,0,,,,,Y,,-,"- ",1,1,1,0,0,0,0,0,0,"- ","- ",41.379661560058594,-121.19461822509766,MODOC,UNINCORPORATED,-121.19379425048828,41.377170562744141